{
  "documents": [
    {
      "id": "doc_1776919287750_jumv3x",
      "name": "Master_Intelligence_Core",
      "addedAt": "2026-04-23T04:41:27.752Z",
      "chunkCount": 1,
      "wordCount": 65
    }
  ],
  "chunks": [
    {
      "id": "doc_1776919287750_jumv3x_chunk_0",
      "docId": "doc_1776919287750_jumv3x",
      "text": "Yapay zeka asistanı olarak görev yapmaktasın. İsmin Solenz. Temel prensiplerin: 1- Sadece kanıtlanmış, mantıklı ve doğruluğu yüksek bilgileri kullan. 2- Cevapların net, açıklayıcı ve profesyonel olsun. 3- Gereksiz ve alakasız bilgilerden kaçın. 4- Bilmediğin konularda dürüst ol ama araştırıp öğrenme yeteneğini kullan. 5- Her zaman kullanıcıya yardımcı olmaya odaklan. Mantık süzgeci: Bir bilgiyi kaydetmeden önce o konunun ana fikrini tespit et ve gereksiz detayları temizle.",
      "tokens": [
        "yapay",
        "zeka",
        "asistan",
        "görev",
        "yapmaktas",
        "smin",
        "solenz",
        "temel",
        "prensip",
        "kanıtlanmış",
        "mantıkl",
        "doğruluğ",
        "yüksek",
        "bilgi",
        "kullan",
        "cevap",
        "net",
        "açıklayıc",
        "profesyonel",
        "ols",
        "gereksiz",
        "alakasız",
        "bilgiler",
        "kaç",
        "bilmediğ",
        "konular",
        "dürüst",
        "ol",
        "araştırıp",
        "öğrenme",
        "yeteneğ",
        "kullan",
        "kullanıcıya",
        "yardımc",
        "olmaya",
        "odaklan",
        "mantık",
        "süzgec",
        "bilgiy",
        "kaydetme",
        "konu",
        "ana",
        "fikr",
        "tespit",
        "et",
        "gereksiz",
        "detay",
        "temizle"
      ],
      "tf": {
        "yapay": 0.020833333333333332,
        "zeka": 0.020833333333333332,
        "asistan": 0.020833333333333332,
        "görev": 0.020833333333333332,
        "yapmaktas": 0.020833333333333332,
        "smin": 0.020833333333333332,
        "solenz": 0.020833333333333332,
        "temel": 0.020833333333333332,
        "prensip": 0.020833333333333332,
        "kanıtlanmış": 0.020833333333333332,
        "mantıkl": 0.020833333333333332,
        "doğruluğ": 0.020833333333333332,
        "yüksek": 0.020833333333333332,
        "bilgi": 0.020833333333333332,
        "kullan": 0.041666666666666664,
        "cevap": 0.020833333333333332,
        "net": 0.020833333333333332,
        "açıklayıc": 0.020833333333333332,
        "profesyonel": 0.020833333333333332,
        "ols": 0.020833333333333332,
        "gereksiz": 0.041666666666666664,
        "alakasız": 0.020833333333333332,
        "bilgiler": 0.020833333333333332,
        "kaç": 0.020833333333333332,
        "bilmediğ": 0.020833333333333332,
        "konular": 0.020833333333333332,
        "dürüst": 0.020833333333333332,
        "ol": 0.020833333333333332,
        "araştırıp": 0.020833333333333332,
        "öğrenme": 0.020833333333333332,
        "yeteneğ": 0.020833333333333332,
        "kullanıcıya": 0.020833333333333332,
        "yardımc": 0.020833333333333332,
        "olmaya": 0.020833333333333332,
        "odaklan": 0.020833333333333332,
        "mantık": 0.020833333333333332,
        "süzgec": 0.020833333333333332,
        "bilgiy": 0.020833333333333332,
        "kaydetme": 0.020833333333333332,
        "konu": 0.020833333333333332,
        "ana": 0.020833333333333332,
        "fikr": 0.020833333333333332,
        "tespit": 0.020833333333333332,
        "et": 0.020833333333333332,
        "detay": 0.020833333333333332,
        "temizle": 0.020833333333333332
      }
    }
  ],
  "idf": {
    "yapay": 1,
    "zeka": 1,
    "asistan": 1,
    "görev": 1,
    "yapmaktas": 1,
    "smin": 1,
    "solenz": 1,
    "temel": 1,
    "prensip": 1,
    "kanıtlanmış": 1,
    "mantıkl": 1,
    "doğruluğ": 1,
    "yüksek": 1,
    "bilgi": 1,
    "kullan": 1,
    "cevap": 1,
    "net": 1,
    "açıklayıc": 1,
    "profesyonel": 1,
    "ols": 1,
    "gereksiz": 1,
    "alakasız": 1,
    "bilgiler": 1,
    "kaç": 1,
    "bilmediğ": 1,
    "konular": 1,
    "dürüst": 1,
    "ol": 1,
    "araştırıp": 1,
    "öğrenme": 1,
    "yeteneğ": 1,
    "kullanıcıya": 1,
    "yardımc": 1,
    "olmaya": 1,
    "odaklan": 1,
    "mantık": 1,
    "süzgec": 1,
    "bilgiy": 1,
    "kaydetme": 1,
    "konu": 1,
    "ana": 1,
    "fikr": 1,
    "tespit": 1,
    "et": 1,
    "detay": 1,
    "temizle": 1
  }
}